{
  "version": "2022.2",
  "applications": [],
  "platforms": [
    {
      "name": "ConDDR_L1_L2_Frecuency"
    }
  ],
  "systems": [
    {
      "name": "ConDDR_L1_L2_Frecuency_v_system",
      "platform": "C:/Users/marco/Vitis/ConDDR_L1_L2_Frecuency/export/ConDDR_L1_L2_Frecuency/ConDDR_L1_L2_Frecuency.xpfm",
      "sysConfig": "ConDDR_L1_L2_Frecuency",
      "buildConfig": "Debug",
      "applications": [
        {
          "name": "ConDDR_L1_L2_Frecuency_v",
          "platform": "C:/Users/marco/Vitis/ConDDR_L1_L2_Frecuency/export/ConDDR_L1_L2_Frecuency/ConDDR_L1_L2_Frecuency.xpfm",
          "platformPath": "C:\\Users\\marco\\Vitis\\ConDDR_L1_L2_Frecuency\\export\\ConDDR_L1_L2_Frecuency",
          "sysConfig": "ConDDR_L1_L2_Frecuency",
          "domain": "standalone_microblaze_0",
          "system": "ConDDR_L1_L2_Frecuency_v_system"
        }
      ],
      "platformPath": "C:\\Users\\marco\\Vitis\\ConDDR_L1_L2_Frecuency\\export\\ConDDR_L1_L2_Frecuency"
    }
  ],
  "others": []
}