{
  "version": "2022.2",
  "applications": [],
  "platforms": [
    {
      "name": "ConDDRL1_L2"
    }
  ],
  "systems": [
    {
      "name": "ConDDRL1_L2_v_system",
      "platform": "C:/Users/marco/Vitis/ConDDRL1_L2/export/ConDDRL1_L2/ConDDRL1_L2.xpfm",
      "sysConfig": "ConDDRL1_L2",
      "buildConfig": "Debug",
      "applications": [
        {
          "name": "ConDDRL1_L2_v",
          "platform": "C:/Users/marco/Vitis/ConDDRL1_L2/export/ConDDRL1_L2/ConDDRL1_L2.xpfm",
          "platformPath": "C:\\Users\\marco\\Vitis\\ConDDRL1_L2\\export\\ConDDRL1_L2",
          "sysConfig": "ConDDRL1_L2",
          "domain": "standalone_microblaze_0",
          "system": "ConDDRL1_L2_v_system"
        }
      ],
      "platformPath": "C:\\Users\\marco\\Vitis\\ConDDRL1_L2\\export\\ConDDRL1_L2"
    }
  ],
  "others": []
}